Registration_number,Organisation_name,Company_registration_number,Organisation_address_line_1,Organisation_address_line_2,Organisation_address_line_3,Organisation_postcode,Public_authority,Start_date_of_registration,End_date_of_registration,Payment_tier,Trading_names
ZA881110,Prestige Automotive Ltd,,Northgate Retail Park,26 Hall Lane,Leek,ST13 9UU,N,31/05/2026,30/05/2027,Tier 1,Prestige Autos
ZB309047,ZNM Vehicle Sales Limited,02158120,The Old Foundry,Spring Street,Stockport,SK4 1HU,N,31/12/2025,30/12/2026,Tier 1,
ZB998249,LEICESTER AUTOS LTD,11468952,"2nd Floor, Carlton Chambers",88 Queen Street,Leeds,LS1 2BW,N,03/08/2026,02/08/2027,Tier 1,
ZA988216,Tattersall Vehicle Hire Limited,,"Unit 2, Kingsway Trading Estate",Parkway,Crewe,CW1 8YE,N,01/02/2026,31/01/2027,Tier 1,
ZA535450,BROOKSIDE MOTOR GROUP LTD,06424928,"Unit 28, Riverside Business Park",Albion Street,Nottingham,NG7 2LL,N,09/06/2023,08/06/2025,Tier 1,Brookside Motors
ZA252363,Wolstenholme Autos Limited,07093337,124 Leek Road,,Birmingham,B24 1ZN,N,29/05/2026,28/05/2027,Tier 1,
ZB984829,Peak Autocentre Ltd,,"Unit 18A, Northgate Retail Park",Leek Road,Newcastle upon Tyne,NE4 1BL,N,04/03/2024,04/03/2026,Tier 1,
ZA882445,Ainsley Holdings Ltd,04134127,"Unit 15, Northgate Retail Park",Marsh Lane,Wolverhampton,WV2 2WL,N,20/06/2026,19/06/2027,Tier 1,
ZA764483,Liverpool Car Centre Limited,,"Unit 30A, Meadow Industrial Estate",Victoria Road,Liverpool,L20 4BZ,N,07/03/2026,06/03/2027,Tier 1,
ZA949365,Northgate Driving School,,"Unit 2A, Northgate Retail Park",Leek Road,Cardiff,CF10 2NQ,N,01/02/2026,31/01/2027,Tier 1,
ZA483135,REGAL CAR SUPERMARKET LTD,04633695,21-192 Parkway,,Warrington,WA1 9WZ,N,28/12/2025,27/12/2026,Tier 1,
ZB127739,Catterall Vehicle Sales (UK) Ltd,,"Unit 12A, Kingsway Trading Estate",Parkway,Reading,RG2 2ZH,N,05/06/2026,04/06/2027,Tier 1,Catterall Vehicle Sales
ZB356079,Shuttleworth Cars Limited,02196813,Lowry House,17 Marble Street,Manchester,M2 3AW,N,19/11/2025,18/11/2026,Tier 1,
ZA870979,ZSO VEHICLE SALES LIMITED,09187651,Northgate Retail Park,20-193 Hall Lane,Nottingham,NG7 3NU,N,05/11/2025,04/11/2026,Tier 1,Elite Cars
ZA121252,GARSIDE MOTOR COMPANY LTD,05555341,The Old Foundry,Albion Street,Hanley,ST1 8YP,N,12/09/2026,11/09/2027,Tier 1,Garside Motor Company
ZB164401,Yardley Car Centre Limited,02161484,Riverside Business Park,29 Hall Lane,Liverpool,L9 2YE,N,17/08/2026,16/08/2027,Tier 1,
ZA920873,Mrs Karen Lomax,,"Unit 15, Kingsway Trading Estate",Victoria Road,Preston,PR2 8GH,N,29/04/2026,28/04/2027,Tier 1,Lomax Car Sales
ZB930928,O'NEILL MOTOR COMPANY LTD,,Kingsway Trading Estate,Trinity Way,London,E10 6FA,N,23/12/2025,22/12/2026,Tier 1,O'Neill Motors
ZA405173,REGAL AUTOS LIMITED,13905195,Meadow Industrial Estate,11 Chapel Street,Cardiff,CF24 3AQ,N,05/08/2025,04/08/2026,Tier 1,
ZB537245,IGZ Vehicle Sales Limited,SC117044,5 Ford Lane,,Glasgow,G33 1LY,N,07/02/2026,06/02/2027,Tier 1,Glasgow Autocentre
ZB934510,Mr David Price,,17 Bath Street,,Stoke-on-Trent,ST1 7AU,N,05/11/2025,04/11/2026,Tier 1,Dave's Autos
ZB280529,Brady Vehicle Hire Limited,,"Unit 17A, The Old Foundry",Victoria Road,Bristol,BS3 3PD,N,01/02/2026,31/01/2027,Tier 1,
ZA586521,LR Cars (UK) Ltd,,5 Junction Road,,Hanley,ST1 3SH,N,04/02/2026,03/02/2027,Tier 1,
ZA634893,Riverside Vehicle Centre Limited,07166066,240 Parkway,,Nottingham,NG6 2SU,N,04/06/2026,03/06/2027,Tier 1,Riverside Vehicle Centre
ZA233483,Varley Car Centre Ltd,,Lowry House,17 Marble Street,Manchester,M2 3AW,N,01/10/2024,30/09/2025,Tier 1,Varley Car Centre
ZB867429,CARDIFF CAR CENTRE LTD,12079343,The Old Foundry,27-75 Mount Pleasant,Cardiff,CF24 3EE,N,05/05/2026,04/05/2027,Tier 1,Cardiff Car Centre
ZA101948,PENDLE VEHICLE SALES LIMITED,,23 Ring Road,,Bristol,BS5 8DU,N,06/12/2025,05/12/2026,Tier 1,
ZA215681,Carver & Radcliffe Limited,12773753,Meadow Industrial Estate,Chapel Street,Cardiff,CF10 4QD,N,19/10/2025,18/10/2026,Tier 1,Carver & Radcliffe
ZA995503,Carver Vehicle Hire Limited,,Meadow Industrial Estate,1 Queens Road,Preston,PR5 3AF,N,01/02/2026,31/01/2027,Tier 1,
ZA228818,BRADY CAR SALES LTD,02619132,Riverside Business Park,13-126 Hall Lane,Stockport,SK1 2QQ,N,06/06/2023,05/06/2025,Tier 1,Brady Car Sales
ZB636043,Entwistle & Co Accountants,,19 Mill Lane,,Bolton,BL4 7DX,N,01/02/2026,31/01/2027,Tier 1,
ZA247006,INGHAM & SONS (UK) LIMITED,,"Suite 4, Albion House",12 Market Street,Macclesfield,SK11 6EX,N,25/04/2026,24/04/2027,Tier 1,
ZB887604,Value Motors (UK) Ltd.,06890861,Kingsway Trading Estate,Hall Lane,Liverpool,L36 3NA,N,04/07/2025,03/07/2026,Tier 1,Value Motors
ZA292379,Walmsley Cars Limited,09423474,Lowry House,17 Marble Street,Manchester,M2 3AW,N,06/09/2025,05/09/2026,Tier 1,
ZA987073,Carver Car Sales Ltd,,Meadow Industrial Estate,24 Mill Lane,Derby,DE1 7SG,N,18/04/2025,17/04/2026,Tier 1,Carver Car Sales
ZA696400,Shuttleworth Autos Ltd,,"Unit 30, The Old Foundry",Leek Road,Hanley,ST1 3LJ,N,16/10/2025,15/10/2026,Tier 1,Shuttleworth Autos
ZB980891,KWG VEHICLE SALES LTD,05432434,"Unit 26, Northgate Retail Park",Chapel Street,Leeds,LS6 8ZP,N,04/10/2023,03/10/2025,Tier 1,
ZA276518,QD CARS LTD,,8 Park Lane,,Crewe,CW1 2WA,N,24/12/2025,23/12/2026,Tier 1,QD Cars
ZA447991,Sterling Car Supermarket Limited,,"Unit 29A, Northgate Retail Park",Ring Road,Sheffield,S2 3DD,N,12/12/2025,11/12/2026,Tier 1,Sterling Car Supermarket
ZA978203,Dawson Holdings Ltd.,08398392,"Unit 22, Riverside Business Park",Brook Lane,Wolverhampton,WV14 3XN,N,23/11/2025,22/11/2026,Tier 1,
ZA821734,BIRTWISTLE MOTOR COMPANY LIMITED,,"Suite 4, Albion House",12 Market Street,Macclesfield,SK11 6EX,N,27/07/2026,26/07/2027,Tier 1,Birtwistle Motor Company
ZA106138,PREMIER MOTOR GROUP LTD.,,"Unit 23A, Kingsway Trading Estate",Marsh Lane,Stockport,SK4 8RX,N,23/11/2025,22/11/2026,Tier 1,Premier Motor Group
ZA573768,AK Cars (UK) Limited,,"Unit 26A, Riverside Business Park",Moor Lane,Bolton,BL1 2RD,N,10/03/2026,09/03/2027,Tier 1,
ZA765974,RIGBY HOLDINGS LIMITED,09071633,"Unit 25A, Meadow Industrial Estate",Mill Lane,Derby,DE21 2XH,N,10/02/2026,09/02/2027,Tier 1,
ZA404447,Peak Driving School,,"Unit 7A, Phoenix Court",Chapel Street,London,E10 6RE,N,01/02/2026,31/01/2027,Tier 1,
ZA190801,TQL Vehicle Sales Limited,15588230,Riverside Business Park,Park Lane,Stockport,SK3 7UG,N,12/06/2026,11/06/2027,Tier 1,
ZA619241,Moorcroft Motor Company Ltd,SC496220,The Old Foundry,19-85 Marsh Lane,Glasgow,G51 6SZ,N,10/06/2026,09/06/2027,Tier 1,
ZA913836,Thornley & Pickering Ltd,,"Unit 30, Kingsway Trading Estate",Brook Lane,Manchester,M12 5YJ,N,15/07/2026,14/07/2027,Tier 1,Thornley & Pickering
ZA708712,Fairbrother Motor Insurance Brokers Ltd,,13 Bath Street,,Leeds,LS28 3QB,N,01/02/2026,31/01/2027,Tier 1,
ZB971132,KERSHAW CARS LTD,06426160,The Old Foundry,29 Bradford Road,London,NW10 6RQ,N,01/04/2026,31/03/2027,Tier 1,Kershaw Cars
ZB702667,Value Car Centre (UK) Limited,,"Unit 7A, Kingsway Trading Estate",Moor Lane,Preston,PR5 4EB,N,22/11/2025,21/11/2026,Tier 1,
ZB409340,JYX Vehicle Sales Limited,,The Old Foundry,Victoria Road,Crewe,CW1 7RL,N,14/10/2025,13/10/2026,Tier 1,Yardley & Sons
ZB590467,Millbrook Garage Services Ltd,13142387,"2nd Floor, Carlton Chambers",88 Queen Street,Leeds,LS1 2BW,N,01/01/2026,31/12/2026,Tier 1,
ZA309139,Hartley Cars Ltd,08154120,Northgate Retail Park,9 Bradford Road,Reading,RG30 7SJ,N,01/11/2019,31/10/2020,Tier 1,
ZB999674,VALUE CAR SUPERMARKET LIMITED,SC100839,Northgate Retail Park,25 Ring Road,Edinburgh,EH12 2PQ,N,13/04/2025,12/04/2026,Tier 1,Value Car Supermarket
ZA892512,Brook Lane Cars Ltd,06424928,"Suite 4, Albion House",12 Market Street,Macclesfield,SK11 6EX,N,25/11/2025,24/11/2026,Tier 1,
ZA160994,Peak Autocentre Ltd,,"Unit 18A, Northgate Retail Park",Leek Road,Newcastle upon Tyne,NE4 1BL,N,21/08/2026,20/08/2027,Tier 1,Peak Autocentre
ZB686300,Clayton Holdings Limited,09561719,"2nd Floor, Carlton Chambers",88 Queen Street,Leeds,LS1 2BW,N,07/04/2026,06/04/2027,Tier 1,Bennett & Jarvis
ZB788459,Fairbrother & Co Accountants,,233 Park Lane,,Nottingham,NG9 1YF,N,01/02/2026,31/01/2027,Tier 1,
ZA120559,Yardley Car Centre Ltd,02161484,Riverside Business Park,29 Hall Lane,Liverpool,L9 2YE,N,29/02/2024,28/02/2026,Tier 1,
ZA189043,Premier Car Centre Ltd,,"Suite 4, Albion House",12 Market Street,Macclesfield,SK11 6EX,N,11/07/2026,10/07/2027,Tier 1,
ZB953284,HARTLEY CARS (2021) LIMITED,13249635,Northgate Retail Park,9 Bradford Road,Reading,RG30 7SJ,N,14/02/2026,13/02/2027,Tier 1,Hartley Cars
ZB839110,Apex Autocentre Limited,,Northgate Retail Park,11 Chapel Street,Chesterfield,S40 6TZ,N,15/06/2026,14/06/2027,Tier 1,Apex Autocentre
ZA217856,Hartley Car Centre Limited,02951199,207 Station Road,,Cardiff,CF11 7XJ,N,21/09/2026,20/09/2027,Tier 1,
ZA579618,XUF VEHICLE SALES LIMITED,03137357,Kingsway Trading Estate,Parkway,Bolton,BL1 3YL,N,21/08/2026,20/08/2027,Tier 1,Rigby & Garside
ZB805423,KWG VEHICLE SALES LTD,05432434,"Unit 26, Northgate Retail Park",Chapel Street,Leeds,LS6 8ZP,N,22/03/2026,21/03/2027,Tier 1,Holroyd Vehicle Sales
ZB633692,Oakwood Motors Social Club,,106 King Street,,Derby,DE1 4LP,N,01/02/2026,31/01/2027,Tier 1,
ZA510272,WHITWORTH CARS LIMITED,,"Unit 16, Meadow Industrial Estate",Mill Lane,Birmingham,B24 1QN,N,27/03/2026,26/03/2027,Tier 1,
ZA132064,Ashgrove Vehicle Sales (UK) Ltd,,Riverside Business Park,Park Lane,Manchester,M11 8SQ,N,06/05/2025,05/05/2026,Tier 1,Ashgrove Vehicle Sales
ZA316403,Northgate Van Centre Limited,15590564,Northgate Retail Park,Trinity Way,Stoke-on-Trent,ST3 8PS,N,06/02/2026,05/02/2027,Tier 1,Northgate Van Centre
ZA280247,Mr Imran Hussain,,Kingsway Trading Estate,22-29 Mount Pleasant,Birmingham,B6 2ES,N,08/01/2026,07/01/2027,Tier 1,IH Motors
ZB612329,CU Cars Limited,,183 Albion Street,,Birmingham,B33 2UP,N,16/06/2026,15/06/2027,Tier 1,
ZA917648,NZS VEHICLE SALES LTD,,Kingsway Trading Estate,4-42 Bath Street,Edinburgh,EH54 7RA,N,01/06/2026,31/05/2027,Tier 1,
ZB538703,SOWERBY HOLDINGS LTD,,"Unit 8A, The Old Foundry",Trinity Way,Manchester,M11 8UB,N,12/02/2026,11/02/2027,Tier 1,Quality Car Supermarket
ZA992755,ROU Vehicle Sales Ltd,,"2nd Floor, Carlton Chambers",88 Queen Street,Leeds,LS1 2BW,N,14/03/2026,13/03/2027,Tier 1,Gilmore Cars
ZA360048,Quality Cars Ltd,,Kingsway Trading Estate,18 Bath Street,Birmingham,B44 8JJ,N,17/02/2026,16/02/2027,Tier 1,Quality Cars
ZA290576,Stansfield & Sons Limited,,Meadow Industrial Estate,Brook Lane,Derby,DE1 7ZQ,N,22/03/2026,21/03/2027,Tier 1,
ZA691396,Brierley Holdings Limited,08011226,Lowry House,17 Marble Street,Manchester,M2 3AW,N,18/11/2025,17/11/2026,Tier 1,
ZA213161,AINSLEY HOLDINGS LTD,04134127,"Unit 15, Northgate Retail Park",Marsh Lane,Wolverhampton,WV2 2WL,N,02/01/2024,01/01/2026,Tier 1,
ZB380464,Smith Motors (Stoke) Ltd,06926360,30 Brook Lane,,Stoke-on-Trent,ST1 2US,N,13/07/2026,12/07/2027,Tier 1,Smith Motors
ZA946421,Weston Motor Group Limited,05780177,The Old Foundry,Ring Road,Crewe,CW2 2TH,N,01/03/2026,28/02/2027,Tier 1,Weston Motors Crewe; Weston Motors Macclesfield; Weston Van Centre
ZB814404,Tattersall Motor Company Ltd,,Riverside Business Park,Spring Street,London,E10 5HH,N,07/06/2026,06/06/2027,Tier 1,
ZB639364,CP Cars Limited,SC385182,Northgate Retail Park,Mill Lane,Glasgow,G72 8TW,N,13/06/2026,12/06/2027,Tier 1,
ZB256335,Prestige Car Centre Limited,06250459,Northgate Retail Park,Marsh Lane,Stockport,SK1 4ND,N,05/02/2026,04/02/2027,Tier 1,Prestige Car Centre
ZA426474,HIGHFIELD CAR SALES LTD.,07650283,Lowry House,17 Marble Street,Manchester,M2 3AW,N,12/12/2025,11/12/2026,Tier 1,Highfield Car Sales
ZA575622,BRADY CAR SALES LTD,02619132,Riverside Business Park,13-126 Hall Lane,Stockport,SK1 2QQ,N,22/11/2025,21/11/2026,Tier 1,
ZB642770,Hartley Car Centre Ltd,,207 Station Road,,Cardiff,CF11 7XJ,N,04/04/2024,04/04/2026,Tier 1,Hartley Car Centre
ZA612223,Liverpool Car Centre Ltd,,"Unit 30A, Meadow Industrial Estate",Victoria Road,Liverpool,L20 4BZ,N,19/09/2023,18/09/2025,Tier 1,
ZA927690,Ashworth Car Group Ltd,07847627,Lowry House,17 Marble Street,Manchester,M2 3AW,N,18/01/2026,17/01/2027,Tier 1,Ashworth Cars Manchester; Ashworth Cars Bolton
ZA856852,Peak Cars Limited,,Northgate Retail Park,King Street,Preston,PR2 3RF,N,06/03/2026,05/03/2027,Tier 1,Peak Cars
ZA591320,Crompton Car Sales Ltd,,"Unit 5, Kingsway Trading Estate",Commercial Road,Cardiff,CF10 6TR,N,25/08/2026,24/08/2027,Tier 1,
ZA116683,CLAYTON HOLDINGS LTD,,"2nd Floor, Carlton Chambers",88 Queen Street,Leeds,LS1 2BW,N,20/10/2023,19/10/2025,Tier 1,
ZA216781,Kenworthy Motor Company (UK) Limited,,The Old Foundry,Commercial Road,Glasgow,G51 1PN,N,15/08/2026,14/08/2027,Tier 1,Kenworthy Motor Company
ZB231285,LISTER & SONS LIMITED,,Kingsway Trading Estate,9 Mill Lane,Leek,ST13 9UX,N,22/04/2026,21/04/2027,Tier 1,Lister & Sons
