mc_dealer_id,seller_name,seller_type,franchise_make,street,city,county,postcode,phone,website,email,inventory_count,avg_listed_price,avg_sold_price,avg_days_in_stock,sold_last_30_days,vehicle_types,car_pct,van_pct,cnt_under_80k_miles_under_7yrs,cnt_under_100k_miles_under_10yrs,cnt_under_120k_miles_under_12yrs,cnt_over_20yrs_over_50k_miles,cnt_price_over_10k,cnt_price_over_20k,cnt_price_over_50k,stock_feed_provider,last_seen
MC524545,Leicester Autocentre Ltd,independent,,"Unit 29A, The Old Foundry, Church Street",Leicester,Leicestershire,LE3 8TT,+441164960017,https://leicesterautocentre.co.uk/used-cars,hello@leicesterautocentre.co.uk,77,20982.89,19670.99,83,15,car,100,0,41,50,52,3,65,32,4,DealerLink Data,2026-09-26
MC120251,Fairbrother Car Sales,franchise,SEAT,The Old Foundry,Liverpool,Merseyside,L20 8YE,+44 7700 900186,https://www.fairbrothercarsales.com/,,128,9181.23,8263.45,75,64,van,0,100,68,98,112,1,57,8,0,StockSync,2026-09-28
MC776055,Yardley Car Centre,independent,,"Riverside Business Park, 29 Hall Lane",Liverpool,Merseyside,L9 2YE,01514960042,http://www.yardleycarcentre.uk,contact@yardleycarcentre.uk,88,14595.05,,53,19,car,100,0,20,40,50,1,74,11,0,AutoFeed,2026-09-27
MC553987,Leicester Autos,independent,,76 Parkway,Leicester,,LE19 9UQ,01164960785,HTTPS://WWW.LEICESTERAUTOS.CO.UK/,hello@leicesterautos.co.uk,132,22351.23,20141.86,89,59,car,100,0,54,71,75,3,112,56,8,Manual upload,2026-09-27
MC339688,Eastway Motors,independent,,27-26 Commercial Road,Reading,Berkshire, RG30 8FF ,01184960264,https://eastwaymotors.co.uk/used-cars,,86,8212.89,,48,39,car,100,0,27,33,43,0,38,5,0,DealerLink Data,2026-09-27
MC842144,Quality Cars - Used Cars,independent,,Kingsway Trading Estate,Birmingham,,b44 8jj,0121 496 0668,www.qualitycars.uk,,116,7236.11,7073.75,39,24,car,100,0,56,69,76,5,11,1,0,Manual upload,2026-09-22
MC393508,Thornley and Sons,independent,,"Meadow Industrial Estate, Hall Lane",Leicester,Leicestershire,LE36DX,01164960660,HTTPS://WWW.THORNLEYANDSONS.UK/,contact@thornleyandsons.uk,125,17971.04,17200.40,21,66,car,100,0,28,59,67,3,106,53,0,VehicleFlow,2026-09-23
MC560150,Hartley Cars,independent,,Northgate Retail Park,Reading,Berkshire,RG30 7SJ,0044 118 496 0957,https://www.hartleycars.uk/,sales@hartleycars.uk,59,11304.11,10235.77,69,20,car;van,85,15,23,26,34,0,26,3,0,StockSync,2026-09-25
MC960700,Cardiff Car Centre,independent,,"The Old Foundry, 27-75 Mount Pleasant",Cardiff,,cf24 3ee,+44 29 2018 0239,https://cardiffcarcentre.co.uk/used-cars,,157,18744.89,,24,73,car,100,0,31,40,63,9,133,66,0,Manual upload,2026-09-23
MC307801,Bennett & Jarvis,independent,,9 Mount Pleasant,Stoke-on-Trent,Staffordshire,ST1 9FJ,01632 960628,,,89,7256.97,6555.94,54,49,car;van,85,15,33,38,49,2,8,1,0,AutoFeed,2026-09-22
MC317444,ASHGROVE VEHICLE SALES,independent,,"Riverside Business Park, Park Lane",Manchester,Greater Manchester,M11 8SQ,0161 496 0302,https://www.ashgrovevehiclesalesmanchester.co.uk/stock/,,73,17767.76,16492.62,70,40,car,100,0,33,46,55,3,62,31,0,Manual upload,2026-09-28
MC100411,Ogden Motor Company,independent,,"Phoenix Court, 23-106 Chapel Street",Leek,Staffordshire,ST13 4RF,01632 960631,,contact@ogdenmotorcompany.uk,145,24327.53,22980.52,86,85,car,100,0,26,61,76,1,123,61,9,Manual upload,2026-09-23
MC669121,Prestige Car Centre,franchise,Kia,"Northgate Retail Park, Marsh Lane",Stockport,Greater Manchester,sk14nd,07700900621,https://www.prestigecarcentre.com/,info@prestigecarcentre.com,171,23089.39,21872.95,47,36,car,100,0,50,81,95,6,145,72,10,DealerLink Data,2026-09-23
MC258532,HOLROYD VEHICLE SALES,independent,,"Unit 26, Northgate Retail Park, Chapel Street",Leeds,West Yorkshire,ls6 8zp,01134960229,https://holroydvehiclesales.co.uk/used-cars,info@holroydvehiclesales.co.uk,20,7117.10,6707.24,25,5,car,100,0,9,12,12,0,2,0,0,DealerLink Data,2026-09-26
MC173602,Millbrook Autos,franchise,Renault,26-43 Mount Pleasant,LONDON,,NW105PA,02079460847,HTTPS://WWW.MILLBROOKAUTOS.CO.UK/,sales@millbrookautos.co.uk,206,15172.63,14261.63,64,108,car,100,0,40,82,108,4,175,26,0,DealerLink Data,2026-09-28
MC989377,Openshaw Motor Company,independent,,"Unit 22, Riverside Business Park, Brook Lane",Wolverhampton,West Midlands,WV143XN,+441632960150,HTTPS://WWW.OPENSHAWMOTORCOMPANY.COM/,enquiries@openshawmotorcompany.com,51,21566.25,20475.44,93,11,car,100,0,25,31,38,1,43,21,3,DealerLink Data,2026-09-27
MC508842,Carver Car Sales,independent,,Meadow Industrial Estate,Derby,,DE1 7SG,01632 960080,HTTPS://WWW.CARVERCARSALESDERBY.CO.UK/,,80,20010.49,18602.23,38,13,car,100,0,25,42,50,4,68,34,5,VehicleFlow,2026-09-22
MC663117,Stansfield and Sons,independent,,"Meadow Industrial Estate, Brook Lane",Derby,Derbyshire,DE1 7ZQ,01632960066,https://www.stansfieldandsonsderby.co.uk/,enquiries@stansfieldandsonsderby.co.uk,39,5442.58,4931.32,39,16,car;van,75,25,7,12,16,0,3,0,0,AutoFeed,2026-09-23
MC683792,Carver & Sons,independent,,"The Old Foundry, Parkway",Birmingham,,B6 5BF,0121 496 0959,https://www.carverandsons.com/,info@carverandsons.com,74,21308.88,20501.90,56,34,car,100,0,23,41,43,3,62,31,4,StockSync,2026-09-27
MC741611,Crompton Cars - Used Cars,independent,,"Unit 23A, Northgate Retail Park",London,,SE28 5RP,(07700) 900891,cromptoncarslondon.co.uk,sales@cromptoncarslondon.co.uk,132,14269.98,13839.58,18,78,car,100,0,29,42,47,0,112,16,0,StockSync,2026-09-23
MC805230,Peak Cars,independent,,"Northgate Retail Park, King Street",Preston,Lancashire,PR23RF,01632 960768,peakcars.co.uk,,85,22601.85,22086.33,89,29,car,100,0,37,48,53,4,72,36,5,Manual upload,2026-09-25
MC695828,Wolstenholme & Sons - Used Cars,,,"Unit 25A, Meadow Industrial Estate",Derby,Derbyshire,DE21 2XH,(01632) 960148,https://www.wolstenholmeandsonsderby.co.uk/,,129,22325.90,,41,65,car,100,0,68,82,92,5,109,54,8,StockSync,2026-09-27
MC318993,Peak Motor Co,,,19 Park Lane,CHESTERFIELD,Derbyshire,S41 4WT,+441632960346,https://www.peakmotorco.co.uk/stock/,hello@peakmotorco.co.uk,44,18310.64,16891.67,45,24,car,100,0,24,32,34,0,37,18,0,AutoFeed,2026-09-25
MC954302,Pendle Vehicle Sales,independent,,23 Ring Road,Bristol,,bs58du,+441174960929,,,39,4745.37,4326.89,64,7,car,100,0,7,10,12,2,3,0,0,VehicleFlow,2026-09-25
MC681143,GT Cars,independent,,52 Park Lane,Bristol,,BS34 8QT,+44 117 496 0037,www.gtcars.co.uk,enquiries@gtcars.co.uk,131,7243.20,6578.68,30,22,car,100,0,35,47,63,1,13,1,0,StockSync,2026-09-23
MC362427,Whitworth Cars Ltd,independent,,"Unit 16, Meadow Industrial Estate",Birmingham,West Midlands,B24 1QN,+441214960332,http://www.whitworthcars.co.uk,hello@whitworthcars.co.uk,107,11863.24,11319.02,75,36,car,100,0,34,48,59,3,48,7,0,Manual upload,2026-09-26
MC751798,Kershaw Motor Company,independent,,"Riverside Business Park, Parkway",Preston,,PR1 4DH,+441632960158,,,9,4974.65,,89,1,van,0,100,3,4,5,0,0,0,0,VehicleFlow,2026-09-26
MC811283,Premier Car Centre,franchise,Nissan,50 Spring Street,Cardiff,,CF116XF,+44 29 2018 0923,premiercarcentre.co.uk,info@premiercarcentre.co.uk,271,19758.05,,65,50,car;van,60,40,103,149,177,12,230,115,0,Manual upload,2026-09-25
MC364200,ELITE CARS,independent,,"Northgate Retail Park, 20-193 Hall Lane",Nottingham,Nottinghamshire,NG7 3NU,01154960244,https://www.elitecars.co.uk/stock/,sales@elitecars.co.uk,127,23120.28,,71,21,car;van,75,25,46,62,70,0,107,53,7,Manual upload,2026-09-25
MC691645,Varley Car Centre,independent,,Northgate Retail Park,Wolverhampton,West Midlands,WV109PA,+447700900942,varleycarcentre.co.uk,,1,25120.68,24016.91,56,0,car,100,0,34,50,57,1,64,32,4,StockSync,2025-10-02
MC517814,Premier Motor Group,franchise,Nissan,"Unit 23A, Kingsway Trading Estate, Marsh Lane",Stockport,Greater Manchester,SK4 8RX,01632 960531,,,93,16912.60,16363.17,28,44,car,100,0,18,34,44,4,79,39,0,AutoFeed,2026-09-27
MC219889,Hartley Car Centre,independent,,207 Station Road,Cardiff,,CF117XJ,0044 7700 900515,hartleycarcentre.co.uk,contact@hartleycarcentre.co.uk,107,18261.07,16806.64,66,33,car;van,95,5,49,64,66,1,90,45,0,AutoFeed,2026-09-27
MC942240,Catterall Vehicle Sales,independent,,"Unit 12, Northgate Retail Park",Reading,Berkshire,RG2 1UR,+44 118 496 0481,catterallvehiclesales.co.uk,,22,4716.72,4621.79,74,5,car;van,60,40,11,14,15,1,2,0,0,AutoFeed,2026-09-26
MC736958,Eastway Motors,independent,,27-26 Commercial Road,Reading,Berkshire,RG308FF,0118 496 0264,www.eastwaymotors.co.uk,,87,8212.89,7551.82,48,39,car,100,0,21,32,40,0,39,5,0,DealerLink Data,2026-02-16
MC729561,Duckworth Car Sales,independent,,"Unit 15, Northgate Retail Park",Wolverhampton,West Midlands,WV2 2WL,+441632960232,www.duckworthcarsales.co.uk,enquiries@duckworthcarsales.co.uk,32,4339.69,3963.05,56,9,car,100,0,6,9,12,0,3,0,0,DealerLink Data,2026-09-25
MC594404,Tolson Motor Company,independent,,54 Albion Street,Cardiff,,CF10 1UL,(029) 2018 0909,https://www.tolsonmotorcompany.com/,info@tolsonmotorcompany.com,106,16864.95,16308.54,69,47,car,100,0,50,56,58,2,90,45,0,Manual upload,2026-09-22
MC591043,Weston Motors Macclesfield,independent,,27 Brook Lane,Macclesfield,Cheshire,SK107YR,01632 960856,https://www.westonmotorgroup.co.uk/stock/,sales@westonmotorgroup.co.uk,66,22325.13,20929.33,92,37,van,0,100,17,22,30,2,56,28,4,VehicleFlow,2026-09-22
MC489324,Riverside Vehicle Centre,independent,,240 Parkway,Nottingham,,NG6 2SU,(0115) 496 0093,https://www.riversidevehiclecentre.com/,,48,22852.92,21538.11,45,25,car,100,0,24,33,39,0,40,20,3,Manual upload,2026-09-25
MC676966,SMITH MOTORS,independent,,30 Brook Lane,Stoke-on-Trent,Staffordshire,ST1 2US,01632 960649,HTTPS://WWW.SMITHMOTORSSTOKE.CO.UK/,,130,11195.96,10899.41,64,45,car,100,0,44,54,63,5,58,8,0,DealerLink Data,2026-09-27
MC563995,SY CARS,franchise,Renault,2 Chapel Street,SHEFFIELD,,S35 6NJ,0114 496 0502,http://www.sycarssheffield.co.uk,,111,8143.23,,95,35,car,100,0,24,46,60,1,49,7,0,VehicleFlow,2026-09-23
MC621617,Sterling Car Supermarket,independent,,"Unit 29A, Northgate Retail Park",Sheffield,South Yorkshire,S23DD,+44 114 496 0124,http://www.sterlingcarsupermarket.co.uk,sales@sterlingcarsupermarket.co.uk,36,7025.98,6473.27,90,13,car;van,75,25,8,14,16,1,3,0,0,VehicleFlow,2026-09-23
MC212646,Manchester Autocentre,independent,,38 Hall Lane,Manchester,Greater Manchester,M40 1JJ,+44 161 496 0401,HTTPS://WWW.MANCHESTERAUTOCENTREMANCHESTER.CO.UK/,,155,14540.23,,88,32,van,0,100,62,90,107,0,131,19,0,StockSync,2026-09-25
MC661275,Moorcroft Motor Company - Used Cars,independent,,"The Old Foundry, 19-85 Marsh Lane",Glasgow,,G516SZ,01414960326,,info@moorcroftmotorcompany.co.uk,32,8937.11,8479.10,74,7,car,100,0,11,14,15,0,14,2,0,VehicleFlow,2026-09-28
MC279158,value car supermarket,independent,,"Northgate Retail Park, 25 Ring Road",Edinburgh,,eh122pq,0131 496 0204,https://www.valuecarsupermarket.co.uk/,,113,10506.80,10148.86,56,18,van,0,100,51,65,74,0,50,7,0,DealerLink Data,2026-09-22
MC609691,Highfield Car Sales,franchise,Hyundai,Meadow Industrial Estate,CHESTERFIELD,Derbyshire,S416TG,+44 1632 960773,https://www.highfieldcarsaleschesterfield.co.uk/,,178,20636.77,18784.70,50,75,car,100,0,75,98,110,5,151,75,11,DealerLink Data,2026-09-24
MC415742,ASHWORTH CARS MANCHESTER,independent,,"Unit 8, Meadow Industrial Estate, Bridge Street",Manchester,Greater Manchester,M178UE,01614960678,https://www.ashworthcarsmanchester.co.uk/stock/,hello@ashworthcarsmanchester.co.uk,109,14162.43,13659.11,45,58,car,100,0,21,38,41,2,92,13,0,VehicleFlow,2026-09-22
MC169341,Glasgow Autocentre,independent,,5 Ford Lane,Glasgow,,g33 1ly,+44 141 496 0364,HTTPS://WWW.GLASGOWAUTOCENTREGLASGOW.CO.UK/,sales@glasgowautocentreglasgow.co.uk,157,14284.60,13178.44,63,55,car;van,95,5,47,59,70,6,133,19,0,VehicleFlow,2026-09-23
MC258257,ak cars,,,"Unit 26A, Riverside Business Park",Bolton,,BL12RD,(01632) 960026,www.akcars.co.uk,,98,13227.44,12050.43,56,34,car;van,95,5,25,33,43,1,44,6,0,StockSync,2026-09-25
MC421562,Garside & Sons,independent,,"Unit 22A, Kingsway Trading Estate",Reading,Berkshire,rg30 4uy,+44 118 496 0384,http://www.garsideandsonsreading.co.uk,contact@garsideandsonsreading.co.uk,127,9586.85,8994.27,63,61,car,100,0,63,70,82,4,57,8,0,DealerLink Data,2026-09-28
MC464876,CARVER & RADCLIFFE,independent,,"Meadow Industrial Estate, Chapel Street",Cardiff,,CF10 4QD,02920180632,http://www.carverandradcliffe.com,contact@carverandradcliffe.com,29,8218.14,7969.85,92,8,car,100,0,8,14,17,0,13,1,0,AutoFeed,2026-09-24
MC892158,Lomax Car Sales,franchise,Vauxhall,"Unit 15, Kingsway Trading Estate, Victoria Road",Preston,Lancashire,PR2 8GH,+441632960424,HTTPS://WWW.LOMAXCARSALES.CO.UK/,,141,14022.32,13145.09,38,54,car;van,85,15,62,93,100,6,119,17,0,VehicleFlow,2026-09-23
MC409963,Smith Motors Ltd,independent,,"Meadow Industrial Estate, 9-187 Bridge Street",Leeds,West Yorkshire,LS11 4WX,+441134960031,www.smith-motors.co.uk,info@smith-motors.co.uk,51,13990.42,,30,25,car,100,0,13,21,25,1,22,3,0,DealerLink Data,2025-08-07
MC953645,VALUE MOTORS,independent,,"Kingsway Trading Estate, Hall Lane",Liverpool,Merseyside,L36 3NA,01514960091,https://valuemotors.co.uk/used-cars,,111,7309.32,6791.85,31,37,car,100,0,35,55,60,4,11,1,0,DealerLink Data,2026-09-23
MC606651,Dawson & Sons,independent,,"Phoenix Court, Ring Road",Wolverhampton,West Midlands,WV107NL,+44 1632 960180,http://www.dawsonandsons.co.uk,info@dawsonandsons.co.uk,22,8643.29,7864.82,87,7,car,100,0,8,13,16,0,9,1,0,StockSync,2026-09-27
MC535814,Value Car Centre,independent,,"Unit 7A, Kingsway Trading Estate, Moor Lane",Preston,Lancashire,PR5 4EB,01632960011,www.valuecarcentre.uk,,25,6001.80,5599.04,62,14,car,100,0,8,11,11,1,2,0,0,VehicleFlow,2026-09-25
MC943672,LIVERPOOL CAR CENTRE,independent,,"Unit 30A, Meadow Industrial Estate, Victoria Road",Liverpool,Merseyside,L20 4BZ,07700900115,http://www.liverpoolcarcentre.co.uk,,38,5758.88,5501.75,80,17,car;van,95,5,14,20,21,2,3,0,0,VehicleFlow,2026-09-28
MC670861,CU Cars,independent,,183 Albion Street,Birmingham,,B33 2UP,+44 121 496 0774,www.cucars.co.uk,contact@cucars.co.uk,20,4608.14,4292.60,43,11,car;van,85,15,6,7,9,0,2,0,0,DealerLink Data,2026-09-28
MC472306,Dave's Autos Ltd,franchise,Nissan,17 Bath Street,Stoke-on-Trent,,ST1 7AU,01632 960447,https://www.davesautos.uk/,,177,25215.17,23219.68,25,44,car,100,0,60,71,94,0,150,75,11,Manual upload,2026-09-23
MC649565,Regal Autos,independent,,"Meadow Industrial Estate, 11 Chapel Street",Cardiff,,CF24 3AQ,02920180112,https://regalautos.co.uk/used-cars,,154,12328.97,,90,73,car;van,90,10,23,50,71,2,69,10,0,AutoFeed,2026-09-28
MC644889,Hartley Car Sales Ltd,independent,,"Unit 9, The Old Foundry, Church Street",Leicester,Leicestershire,LE5 1UF,0116 496 0773,HTTPS://WWW.HARTLEYCARSALES.CO.UK/,enquiries@hartleycarsales.co.uk,101,13983.29,,83,53,car,100,0,16,40,50,5,45,6,0,Manual upload,2026-09-28
MC945466,Weston Van Centre,independent,,214 Queens Road,Warrington,Cheshire,wa1 8bf,+441632960867,www.westonmotorgroup.co.uk,,126,22538.57,21894.42,22,72,car;van,15,85,30,58,70,0,107,53,7,DealerLink Data,2026-09-24
MC199308,Peak Autocentre,independent,,"Unit 18A, Northgate Retail Park, Leek Road",Newcastle upon Tyne,Tyne and Wear,NE41BL,+44 191 498 0986,https://www.peakautocentre.co.uk/stock/,,53,13776.37,13034.96,76,11,car,100,0,17,25,31,0,23,3,0,Manual upload,2026-09-22
MC105868,Apex Autocentre,independent,,"Northgate Retail Park, 11 Chapel Street",Chesterfield,Derbyshire,S40 6TZ,+441632960529,https://www.apexautocentrechesterfield.co.uk/,hello@apexautocentrechesterfield.co.uk,24,6314.15,6078.56,91,9,car;van,75,25,8,11,12,1,2,0,0,DealerLink Data,2026-09-28
MC219545,Yardley Car Centre,independent,,Riverside Business Park,Liverpool,Merseyside,L92YE,07700900301,,contact@yardleycarcentre.uk,77,14595.05,13894.67,53,19,car,100,0,40,50,51,3,65,9,0,AutoFeed,2025-06-07
MC746671,Walmsley Cars,independent,,"Phoenix Court, Mill Lane",Leicester,Leicestershire,LE19 1NP,01164960426,https://walmsleycars.co.uk/used-cars,contact@walmsleycars.co.uk,39,3611.49,,61,9,car,100,0,15,20,25,2,3,0,0,AutoFeed,2026-09-23
MC913744,Northgate Van Centre,independent,,Northgate Retail Park,Stoke-on-Trent,,ST3 8PS,+44 1632 960286,https://northgatevancentre.com/used-cars,info@northgatevancentre.com,40,16655.41,15067.37,29,8,car;van,15,85,12,20,22,1,34,17,0,AutoFeed,2026-09-27
MC365357,Tattersall Motor Company,independent,,"Riverside Business Park, Spring Street",London,, E10 5HH ,020 7946 0941,https://www.tattersallmotorcompany.co.uk/,hello@tattersallmotorcompany.co.uk,139,19111.32,17472.19,60,70,car;van,90,10,32,62,69,0,118,59,0,Manual upload,2026-09-26
MC679788,Ashworth Cars Bolton,franchise,Nissan,"The Old Foundry, Bath Street",Bolton,,bl1 2yy,01632 960771,https://www.ashworthcarsbolton.com/stock/,info@ashworthcarsbolton.com,189,19589.50,18297.99,19,62,car,100,0,31,60,87,4,160,80,0,StockSync,2026-09-25
MC284567,Weston Motors Crewe Ltd,independent,,"The Old Foundry, Ring Road",Crewe,,CW22TH,+441632960338,http://www.westonmotorgroup.co.uk,,60,25721.17,23707.41,45,21,car;van,95,5,22,32,39,1,51,25,3,Manual upload,2026-09-27
MC643500,Thornley & Pickering,independent,,"Unit 30, Kingsway Trading Estate",Manchester,Greater Manchester,M125YJ,+441614960762,https://www.thornleyandpickering.com/stock/,contact@thornleyandpickering.com,111,20438.13,,87,59,car,100,0,38,54,68,1,94,47,7,DealerLink Data,2026-09-23
MC488645,REGAL CAR SUPERMARKET,franchise,Nissan,21-192 Parkway,Warrington,Cheshire,WA19WZ,01632 960077,http://www.regalcarsupermarketwarrington.co.uk,enquiries@regalcarsupermarketwarrington.co.uk,229,10399.54,9553.17,80,98,car,100,0,106,127,149,1,103,15,0,AutoFeed,2026-09-28
MC230652,Pendle Motors,independent,,The Old Foundry,Stockport,Greater Manchester,SK4 1HU,+441632960209,https://www.pendlemotors.co.uk/,,51,19280.68,18883.56,78,28,car;van,85,15,12,16,17,1,43,21,0,VehicleFlow,2026-09-27
MC284799,Smith Motors,independent,,"Meadow Industrial Estate, 9-187 Bridge Street",Leeds,West Yorkshire,LS114WX,0113 496 0031,https://www.smith-motors.co.uk/,,50,13990.42,12885.78,30,25,car,100,0,19,22,29,0,22,3,0,DealerLink Data,2026-09-28
MC551493,Brady Motors - Used Cars,independent,,"Unit 23A, Meadow Industrial Estate, Mount Pleasant",Leeds,West Yorkshire, LS12 2EN ,+441134960190,http://www.bradymotors.com,,29,4821.55,4556.04,22,4,car,100,0,12,19,19,0,2,0,0,VehicleFlow,2026-09-26
MC346362,ADVANCE CAR SUPERMARKET,independent,,"Unit 1A, Kingsway Trading Estate, Wharf Road",Bristol,,BS3 7JN,0044 117 496 0764,https://www.advancecarsupermarket.uk/,,153,25476.33,,61,86,car,100,0,51,78,96,2,130,65,9,Manual upload,2026-09-27
MC745016,Lister and Sons,independent,,Kingsway Trading Estate,Leek,Staffordshire,ST139UX,01632 960676,www.listerandsons.co.uk,,13,3769.81,3460.08,54,7,van,0,100,4,4,5,0,1,0,0,Manual upload,2026-09-24
MC360607,Brookside Motors,franchise,Renault,"Unit 28, Riverside Business Park",Nottingham,Nottinghamshire, NG7 2LL ,01154960538,https://brooksidemotors.co.uk/used-cars,,246,24198.35,,55,75,car,100,0,113,138,150,9,209,104,15,DealerLink Data,2026-09-26
MC741235,kenworthy motor company,independent,,"The Old Foundry, Commercial Road",Glasgow,,g51 1pn,(07700) 900105,www.kenworthymotorcompany.co.uk,hello@kenworthymotorcompany.co.uk,87,14886.82,14308.90,82,31,car,100,0,17,34,45,4,73,10,0,AutoFeed,2026-09-24
MC423288,Quality Car Supermarket,franchise,Kia,"Unit 8A, The Old Foundry, Trinity Way",Manchester,Greater Manchester,M118UB,01614960029,https://www.qualitycarsupermarket.uk/stock/,,289,23903.02,,24,58,car,100,0,114,140,168,10,245,122,18,VehicleFlow,2026-09-27
MC654104,TATTERSALL MOTOR COMPANY,independent,,"Riverside Business Park, Spring Street",London,,e10 5hh,020 7946 0941,HTTPS://WWW.TATTERSALLMOTORCOMPANY.CO.UK/,hello@tattersallmotorcompany.co.uk,141,19111.32,18208.08,60,70,car;van,90,10,57,86,95,4,119,59,0,Manual upload,2026-01-20
MC328759,Ogden Motor Company,independent,,Phoenix Court,Leek,,ST134RF,01632960631,HTTPS://WWW.OGDENMOTORCOMPANY.UK/,,140,24327.53,22211.14,86,85,car,100,0,32,58,69,2,119,59,8,Manual upload,2026-02-10
MC830031,Select Car Supermarket,independent,,"Riverside Business Park, 12 Spring Street",Glasgow,,G526HQ,0141 496 0485,HTTPS://WWW.SELECTCARSUPERMARKET.CO.UK/,sales@selectcarsupermarket.co.uk,125,19794.66,18492.38,57,29,car,100,0,48,60,73,4,106,53,0,Manual upload,2026-09-23
MC335571,QD Cars,franchise,Hyundai,8 Park Lane,Crewe,,CW1 2WA,01632960613,https://www.qdcars.co.uk/stock/,sales@qdcars.co.uk,170,9403.96,9110.24,59,62,car,100,0,72,110,117,4,76,11,0,AutoFeed,2026-09-26
MC134923,Catterall Vehicle Sales,independent,,"Unit 12, Northgate Retail Park, Bradford Road",Reading,Berkshire,RG21UR,0118 496 0481,https://www.catterallvehiclesales.co.uk/stock/,,33,4716.72,4266.58,74,5,car;van,60,40,8,9,10,1,3,0,0,AutoFeed,2025-01-31
MC499333,Honest Car Supermarket,franchise,Fiat,"Phoenix Court, Brook Lane",Cardiff,,CF11 9JW,029 2018 0710,https://honestcarsupermarket.co.uk/used-cars,,96,9727.38,9194.69,23,51,car;van,95,5,22,42,47,3,43,6,0,StockSync,2026-09-27
MC467007,Kershaw Cars,independent,,The Old Foundry,London,,NW10 6RQ,+44 20 7946 0697,HTTPS://WWW.KERSHAWCARSLONDON.CO.UK/,,125,15230.49,13868.71,76,26,car;van,90,10,38,59,61,7,106,15,0,DealerLink Data,2026-09-28
MC272743,IH MOTORS,independent,,Kingsway Trading Estate,Birmingham,West Midlands,B62ES,+44 121 496 0168,https://ihmotors.uk/used-cars,contact@ihmotors.uk,61,9999.59,9487.18,84,23,car,100,0,25,33,37,2,27,4,0,AutoFeed,2026-09-27
MC818114,PRESTIGE AUTOS,independent,,"Northgate Retail Park, 26 Hall Lane",Leek,Staffordshire,ST139UU,01632960064,http://www.prestigeautos.co.uk,sales@prestigeautos.co.uk,121,10989.36,10641.32,93,18,car;van,95,5,32,43,55,3,54,8,0,Manual upload,2026-09-28
MC417408,Rigby & Garside,franchise,Kia,"Kingsway Trading Estate, Parkway",Bolton,Greater Manchester,BL1 3YL,07700 900197,HTTPS://WWW.RIGBYANDGARSIDE.CO.UK/,,211,22772.26,,42,122,car,100,0,105,132,155,4,179,89,13,StockSync,2026-09-25
MC229398,Shuttleworth Autos - Used Cars,franchise,Nissan,"Unit 30, The Old Foundry",Hanley,,ST1 3LJ,01632 960642,shuttleworthautoshanley.co.uk,,261,15908.36,,48,116,van,0,100,118,183,213,12,221,33,0,DealerLink Data,2026-09-23
MC494440,O'Neill Motors,independent,,Kingsway Trading Estate,London,,E106FA,0044 20 7946 0499,https://www.oneillmotors.london/,hello@oneillmotors.london,75,17224.31,16614.60,65,36,car,100,0,19,26,36,1,63,31,0,AutoFeed,2026-09-26
MC294266,INGHAM & SONS,franchise,Nissan,Phoenix Court,Bolton,Greater Manchester,bl32bl,+441632960184,inghamandsonsbolton.co.uk,,72,15818.35,14608.14,51,41,car,100,0,33,46,49,0,61,9,0,DealerLink Data,2026-09-25
MC289887,Moorcroft & Shuttleworth,independent,,"Kingsway Trading Estate, 4-42 Bath Street",Edinburgh,,EH547RA,+441314960695,www.moorcroftandshuttleworth.uk,enquiries@moorcroftandshuttleworth.uk,112,16399.00,15191.19,87,42,car,100,0,24,30,46,4,95,47,0,AutoFeed,2026-09-23
MC920024,CP Cars,independent,,"Northgate Retail Park, Mill Lane",Glasgow,,g72 8tw,0141 496 0089,http://www.cpcars.co.uk,,98,24858.43,23674.43,67,40,car,100,0,28,34,46,3,83,41,6,AutoFeed,2026-09-25
MC228812,Wolstenholme Autos,independent,,124 Leek Road,Birmingham,,B24 1ZN,07700900093,https://www.wolstenholmeautosbirmingham.co.uk/,,22,4584.56,4261.61,80,12,van,0,100,7,12,14,0,2,0,0,AutoFeed,2026-09-27
MC277427,LR Cars,independent,,5 Junction Road,Hanley,,ST1 3SH,01632 960154,HTTPS://WWW.LRCARS.CO.UK/,,126,21496.32,19956.43,55,20,car,100,0,27,49,58,3,107,53,7,AutoFeed,2026-09-25
MC961260,Thornley & Kenworthy,independent,,"Riverside Business Park, Park Lane",Stockport,Greater Manchester,SK3 7UG,01632 960086,thornleyandkenworthy.com,,103,9221.55,8596.29,68,21,car,100,0,56,62,73,3,46,6,0,AutoFeed,2026-09-22
